,Infoset,"Action(id=0, player=0)","Action(id=1, player=0)"
0,2,0.5227013706390186,0.4772986293609815
1,2pb,0.0011038172569849374,0.9988961827430152
2,1,0.983559779141158,0.01644022085884204
3,1pb,0.5100843938050454,0.4899156061949545
4,0,0.8400792765358902,0.1599207234641098
5,0pb,0.997550392648634,0.0024496073513660555
