{
  "C": {
    "mu": 1.4717693702955885,
    "sigma": 11.920626741178584,
    "lambda": 8.390199619145445
  },
  "I1": {
    "mu": -0.6521085762438039,
    "sigma": 2.3667874966129685,
    "lambda": -1.1333219491314752
  },
  "I2": {
    "mu": -1.8607320229961148,
    "sigma": 1.657991112693619,
    "lambda": -1.9619197909802444
  },
  "weights": [
    {
      "C": 0.4830110805453633,
      "I1": 0.5169889194546368
    },
    {
      "C": 0.010285726132974082,
      "I1": 0.4694277808860197,
      "I2": 0.5169889194546368,
      "NA": 0.0032975735263694765
    }
  ]
}