NUM_PARENT	tool	MS
0	CLEMENT_decision	79.226
0	pyclonevi	74.73466666666667
0	quantumclone	72.78666666666668
0	sciclone	71.33533333333334
0	simpleK_elbow	70.47000000000001
0	simpleK_gap	65.01666666666667
0	simpleK_silhouette	67.32266666666668
1	CLEMENT_decision	73.29066666666667
1	pyclonevi	68.36466666666666
1	quantumclone	65.27266666666667
1	sciclone	64.99333333333334
1	simpleK_elbow	65.17933333333333
1	simpleK_gap	60.27733333333333
1	simpleK_silhouette	60.856
