{
  "C": {
    "mu": 0.36265215228257264,
    "sigma": 0.05767074859207578,
    "lambda": 5.861970471554537
  },
  "IC": {
    "mu": 0.2488008049921402,
    "sigma": 0.06967713798022901,
    "lambda": 0.7204421445267565
  },
  "IC2": {
    "mu": 0.19470769475257393,
    "sigma": 0.09238316751186326,
    "lambda": -0.7292352437753931
  },
  "I1": {
    "mu": 0.16078547215086464,
    "sigma": 0.0946860802192646,
    "lambda": -0.5944834439817583
  },
  "I2": {
    "mu": 0.10666654770584148,
    "sigma": 0.10574882183177252,
    "lambda": -0.8128276533224384
  },
  "weights": [
    {
      "C": 0.13570394063846616,
      "IC": 0.4307366544153985,
      "I1": 0.4335594049461353
    },
    {
      "C": 0.06362134103807793,
      "IC": 0.2540662845119095,
      "IC2": 0.06674178769154573,
      "I1": 0.20104881501470964,
      "I2": 0.06409443705062749,
      "NA": 0.35042733469313014
    }
  ]
}