{
  "C": {
    "mu": -9.00265706065374,
    "sigma": 13.324235240743247,
    "lambda": 11.226936199767371
  },
  "I1": {
    "mu": -3.630726975989721,
    "sigma": 2.0478050738819644,
    "lambda": 1.210661465320824
  },
  "I2": {
    "mu": -2.1894150333468145,
    "sigma": 1.909730492003412,
    "lambda": -2.1011067322133763
  },
  "weights": [
    {
      "C": 0.036872467345120154,
      "I1": 0.9631275326548832
    },
    {
      "C": 0.00037457741505695654,
      "I1": 0.12068390842610002,
      "I2": 0.8763545233082232,
      "NA": 0.002586990850615493
    }
  ]
}