{
  "C": {
    "mu": 0.5340011121078003,
    "sigma": 0.0935502884319539,
    "lambda": 1.4860143007973987
  },
  "IC": {
    "mu": 0.44153284162405526,
    "sigma": 0.07893369550280988,
    "lambda": -0.7305311258862135
  },
  "IC2": {
    "mu": 0.4158943095613012,
    "sigma": 0.08077443967979062,
    "lambda": -0.8056107988492771
  },
  "I1": {
    "mu": 0.3307634985161749,
    "sigma": 0.1394653995126583,
    "lambda": -1.739404899604941
  },
  "I2": {
    "mu": 0.15510877309114218,
    "sigma": 0.12557969685550485,
    "lambda": -1.1162014275282783
  },
  "weights": [
    {
      "C": 0.06665758612616204,
      "IC": 0.7155713183236324,
      "I1": 0.21777109555020555
    },
    {
      "C": 0.019271379086018326,
      "IC": 0.2844286816763676,
      "IC2": 0.39654202639334557,
      "I1": 0.21750026713358922,
      "I2": 0.009803639010560614,
      "NA": 0.0724540067001187
    }
  ]
}