{
  "C": {
    "mu": -3.553892662732962,
    "sigma": 12.755662224133333,
    "lambda": 7.083578554579107
  },
  "I1": {
    "mu": -1.6615883847067934,
    "sigma": 1.8450263541451095,
    "lambda": -0.6038539892015169
  },
  "weights": [
    {
      "C": 0.02259343157101366,
      "I1": 0.9774065684289825
    }
  ]
}