{
  "C": {
    "mu": 33.16867545546583,
    "sigma": 7.922995772125784,
    "lambda": 0.2947751107126086
  },
  "I1": {
    "mu": -7.7086656734707155,
    "sigma": 16.626750458648836,
    "lambda": 13.174335730356685
  },
  "I2": {
    "mu": -2.935797164156771,
    "sigma": 2.271678504055044,
    "lambda": -2.739379150451027
  },
  "weights": [
    {
      "C": 0.1105392527359367,
      "I1": 0.8894607472640752
    },
    {
      "C": 0.00026522328737294746,
      "I1": 0.007950756504791991,
      "I2": 0.028224729694715036,
      "NA": 0.9635592905156652
    }
  ]
}