{
  "C": {
    "mu": -2.907307971915714,
    "sigma": 12.74840763260734,
    "lambda": 9.416059654883272
  },
  "I1": {
    "mu": -3.1864082358775287,
    "sigma": 1.8634826962135302,
    "lambda": 0.6115588505132523
  },
  "I2": {
    "mu": -2.214830257656074,
    "sigma": 1.8542564590877346,
    "lambda": -1.5517459234386988
  },
  "weights": [
    {
      "C": 0.022490758785092158,
      "I1": 0.9775092412149079
    },
    {
      "C": 0.0002706939864911259,
      "I1": 0.022490758785092158,
      "I2": 0.9746467669044723,
      "NA": 0.002591780323944496
    }
  ]
}